Gene	Accession	AAChange
BRAF	NM_004333	p.G464E
BRAF	NM_004333	p.G464V
BRAF	NM_004333	p.G466E
BRAF	NM_004333	p.G466V
BRAF	NM_004333	p.G469R
BRAF	NM_004333	p.G469E
BRAF	NM_004333	p.G469A
BRAF	NM_004333	p.G469V
BRAF	NM_004333	p.V471F
BRAF	NM_004333	p.V472S
BRAF	NM_004333	p.L485W
BRAF	NM_004333	p.N581S
BRAF	NM_004333	p.I582M
BRAF	NM_004333	p.I592M
BRAF	NM_004333	p.I592V
BRAF	NM_004333	p.D594N
BRAF	NM_004333	p.D594G
BRAF	NM_004333	p.D594V
BRAF	NM_004333	p.D594E
BRAF	NM_004333	p.F595L
BRAF	NM_004333	p.F595S
BRAF	NM_004333	p.G596R
BRAF	NM_004333	p.L597V
BRAF	NM_004333	p.L597S
BRAF	NM_004333	p.L597Q
BRAF	NM_004333	p.L597R
BRAF	NM_004333	p.A598V
BRAF	NM_004333	p.V600M
BRAF	NM_004333	p.V600L
BRAF	NM_004333	p.V600K
BRAF	NM_004333	p.V600R
BRAF	NM_004333	p.V600E
BRAF	NM_004333	p.V600A
BRAF	NM_004333	p.V600G
BRAF	NM_004333	p.V600D
BRAF	NM_004333	p.K601E
BRAF	NM_004333	p.K601N
BRAF	NM_004333	p.R603*
BRAF	NM_004333	p.W604R
BRAF	NM_004333	p.W604G
BRAF	NM_004333	p.S605G
BRAF	NM_004333	p.S605F
BRAF	NM_004333	p.S605N
BRAF	NM_004333	p.G606E
BRAF	NM_004333	p.G606A
BRAF	NM_004333	p.G606V
BRAF	NM_004333	p.H608R
BRAF	NM_004333	p.H608L
BRAF	NM_004333	p.G615R
BRAF	NM_004333	p.S616P
BRAF	NM_004333	p.S616F
BRAF	NM_004333	p.L618S
BRAF	NM_004333	p.L618W
BRAF	NM_004333	p.T599I
CBL	NM_005188	RINGfingermissensep.381-421
CBLB	NM_170662	RINGfingermissensep.372-412
CREBBP	NM_004380	p.D1435E
CREBBP	NM_004380	p.R1446L
CREBBP	NM_004380	p.R1446H
CREBBP	NM_004380	p.R1446C
CREBBP	NM_004380	p.Y1450C
CREBBP	NM_004380	p.P1476R
CREBBP	NM_004380	p.Y1482H
CREBBP	NM_004380	p.H1487Y
CREBBP	NM_004380	p.W1502C
CREBBP	NM_004380	p.Y1503D
CREBBP	NM_004380	p.Y1503H
CREBBP	NM_004380	p.Y1503F
CREBBP	NM_004380	p.S1680del
CSF1R	NM_005211	p.L301F
CSF1R	NM_005211	p.L301S
CSF1R	NM_005211	p.Y969C
CSF1R	NM_005211	p.Y969N
CSF1R	NM_005211	p.Y969F
CSF1R	NM_005211	p.Y969H
CSF1R	NM_005211	p.Y969D
CSF3R	NM_000760	p.T615A
CSF3R	NM_000760	p.T618I
CSF3R	NM_000760	truncatingc.741-791
CTCF	NM_006565	p.R377C
CTCF	NM_006565	p.R377H
CTCF	NM_006565	p.P378A
CTCF	NM_006565	p.P378L
DNMT3A	NM_022552	p.F290I
DNMT3A	NM_022552	p.F290C
DNMT3A	NM_022552	p.V296M
DNMT3A	NM_022552	p.P307S
DNMT3A	NM_022552	p.P307R
DNMT3A	NM_022552	p.R326H
DNMT3A	NM_022552	p.R326L
DNMT3A	NM_022552	p.R326C
DNMT3A	NM_022552	p.R326S
DNMT3A	NM_022552	p.G332R
DNMT3A	NM_022552	p.G332E
DNMT3A	NM_022552	p.V339A
DNMT3A	NM_022552	p.V339M
DNMT3A	NM_022552	p.V339G
DNMT3A	NM_022552	p.L344Q
DNMT3A	NM_022552	p.L344P
DNMT3A	NM_022552	p.R366P
DNMT3A	NM_022552	p.R366H
DNMT3A	NM_022552	p.R366G
DNMT3A	NM_022552	p.A368T
DNMT3A	NM_022552	p.A368V
DNMT3A	NM_022552	p.R379H
DNMT3A	NM_022552	p.R379C
DNMT3A	NM_022552	p.I407T
DNMT3A	NM_022552	p.I407N
DNMT3A	NM_022552	p.I407S
DNMT3A	NM_022552	p.F414L
DNMT3A	NM_022552	p.F414S
DNMT3A	NM_022552	p.F414C
DNMT3A	NM_022552	p.A462V
DNMT3A	NM_022552	p.K468R
DNMT3A	NM_022552	p.C497G
DNMT3A	NM_022552	p.C497Y
DNMT3A	NM_022552	p.Q527H
DNMT3A	NM_022552	p.Q527P
DNMT3A	NM_022552	p.Y533C
DNMT3A	NM_022552	p.S535F
DNMT3A	NM_022552	p.C537G
DNMT3A	NM_022552	p.C537R
DNMT3A	NM_022552	p.G543A
DNMT3A	NM_022552	p.G543S
DNMT3A	NM_022552	p.G543C
DNMT3A	NM_022552	p.L547H
DNMT3A	NM_022552	p.L547P
DNMT3A	NM_022552	p.L547F
DNMT3A	NM_022552	p.M548I
DNMT3A	NM_022552	p.M548K
DNMT3A	NM_022552	p.G550R
DNMT3A	NM_022552	p.W581R
DNMT3A	NM_022552	p.W581G
DNMT3A	NM_022552	p.W581C
DNMT3A	NM_022552	p.R604Q
DNMT3A	NM_022552	p.R604W
DNMT3A	NM_022552	p.R635W
DNMT3A	NM_022552	p.R635Q
DNMT3A	NM_022552	p.S638F
DNMT3A	NM_022552	p.G646V
DNMT3A	NM_022552	p.G646E
DNMT3A	NM_022552	p.L653W
DNMT3A	NM_022552	p.L653F
DNMT3A	NM_022552	p.I655N
DNMT3A	NM_022552	p.V657A
DNMT3A	NM_022552	p.V657M
DNMT3A	NM_022552	p.R659H
DNMT3A	NM_022552	p.Y660C
DNMT3A	NM_022552	p.V665G
DNMT3A	NM_022552	p.V665L
DNMT3A	NM_022552	p.M674V
DNMT3A	NM_022552	p.R676W
DNMT3A	NM_022552	p.R676Q
DNMT3A	NM_022552	p.G685R
DNMT3A	NM_022552	p.G685E
DNMT3A	NM_022552	p.G685A
DNMT3A	NM_022552	p.D686Y
DNMT3A	NM_022552	p.D686G
DNMT3A	NM_022552	p.R688H
DNMT3A	NM_022552	p.G699R
DNMT3A	NM_022552	p.G699S
DNMT3A	NM_022552	p.G699D
DNMT3A	NM_022552	p.P700L
DNMT3A	NM_022552	p.P700S
DNMT3A	NM_022552	p.P700R
DNMT3A	NM_022552	p.P700Q
DNMT3A	NM_022552	p.P700T
DNMT3A	NM_022552	p.P700A
DNMT3A	NM_022552	p.D702N
DNMT3A	NM_022552	p.D702Y
DNMT3A	NM_022552	p.V704M
DNMT3A	NM_022552	p.V704G
DNMT3A	NM_022552	p.I705F
DNMT3A	NM_022552	p.I705T
DNMT3A	NM_022552	p.I705S
DNMT3A	NM_022552	p.I705N
DNMT3A	NM_022552	p.G707D
DNMT3A	NM_022552	p.G707V
DNMT3A	NM_022552	p.C710S
DNMT3A	NM_022552	p.C710Y
DNMT3A	NM_022552	p.S714C
DNMT3A	NM_022552	p.V716D
DNMT3A	NM_022552	p.V716F
DNMT3A	NM_022552	p.V716I
DNMT3A	NM_022552	p.N717S
DNMT3A	NM_022552	p.N717I
DNMT3A	NM_022552	p.P718L
DNMT3A	NM_022552	p.R720H
DNMT3A	NM_022552	p.R720G
DNMT3A	NM_022552	p.K721R
DNMT3A	NM_022552	p.K721T
DNMT3A	NM_022552	p.Y724C
DNMT3A	NM_022552	p.R729Q
DNMT3A	NM_022552	p.R729W
DNMT3A	NM_022552	p.R729G
DNMT3A	NM_022552	p.F731C
DNMT3A	NM_022552	p.F731L
DNMT3A	NM_022552	p.F731Y
DNMT3A	NM_022552	p.F731I
DNMT3A	NM_022552	p.F732del
DNMT3A	NM_022552	p.F732C
DNMT3A	NM_022552	p.F732S
DNMT3A	NM_022552	p.F732L
DNMT3A	NM_022552	p.E733G
DNMT3A	NM_022552	p.E733A
DNMT3A	NM_022552	p.F734L
DNMT3A	NM_022552	p.F734C
DNMT3A	NM_022552	p.Y735C
DNMT3A	NM_022552	p.Y735N
DNMT3A	NM_022552	p.Y735S
DNMT3A	NM_022552	p.R736H
DNMT3A	NM_022552	p.R736C
DNMT3A	NM_022552	p.R736P
DNMT3A	NM_022552	p.L737H
DNMT3A	NM_022552	p.L737V
DNMT3A	NM_022552	p.L737F
DNMT3A	NM_022552	p.L737R
DNMT3A	NM_022552	p.A741V
DNMT3A	NM_022552	p.P742P
DNMT3A	NM_022552	p.P743R
DNMT3A	NM_022552	p.P743L
DNMT3A	NM_022552	p.R749C
DNMT3A	NM_022552	p.R749L
DNMT3A	NM_022552	p.R749H
DNMT3A	NM_022552	p.R749G
DNMT3A	NM_022552	p.F751L
DNMT3A	NM_022552	p.F751C
DNMT3A	NM_022552	p.F752del
DNMT3A	NM_022552	p.F752C
DNMT3A	NM_022552	p.F752L
DNMT3A	NM_022552	p.F752I
DNMT3A	NM_022552	p.F752V
DNMT3A	NM_022552	p.W753G
DNMT3A	NM_022552	p.W753C
DNMT3A	NM_022552	p.W753R
DNMT3A	NM_022552	p.L754P
DNMT3A	NM_022552	p.L754R
DNMT3A	NM_022552	p.L754H
DNMT3A	NM_022552	p.F755S
DNMT3A	NM_022552	p.F755I
DNMT3A	NM_022552	p.F755L
DNMT3A	NM_022552	p.M761I
DNMT3A	NM_022552	p.M761V
DNMT3A	NM_022552	p.G762C
DNMT3A	NM_022552	p.V763I
DNMT3A	NM_022552	p.S770L
DNMT3A	NM_022552	p.S770W
DNMT3A	NM_022552	p.S770P
DNMT3A	NM_022552	p.R771Q
DNMT3A	NM_022552	p.F772I
DNMT3A	NM_022552	p.F772V
DNMT3A	NM_022552	p.L773R
DNMT3A	NM_022552	p.L773V
DNMT3A	NM_022552	p.E774K
DNMT3A	NM_022552	p.E774D
DNMT3A	NM_022552	p.E774G
DNMT3A	NM_022552	p.I780T
DNMT3A	NM_022552	p.D781G
DNMT3A	NM_022552	p.R792H
DNMT3A	NM_022552	p.W795C
DNMT3A	NM_022552	p.W795L
DNMT3A	NM_022552	p.G796D
DNMT3A	NM_022552	p.G796V
DNMT3A	NM_022552	p.N797Y
DNMT3A	NM_022552	p.N797H
DNMT3A	NM_022552	p.N797S
DNMT3A	NM_022552	p.P799S
DNMT3A	NM_022552	p.P799R
DNMT3A	NM_022552	p.P799H
DNMT3A	NM_022552	p.R803S
DNMT3A	NM_022552	p.R803W
DNMT3A	NM_022552	p.P804L
DNMT3A	NM_022552	p.P804S
DNMT3A	NM_022552	p.K826R
DNMT3A	NM_022552	p.S828N
DNMT3A	NM_022552	p.K829R
DNMT3A	NM_022552	p.T835M
DNMT3A	NM_022552	p.N838D
DNMT3A	NM_022552	p.K841Q
DNMT3A	NM_022552	p.Q842E
DNMT3A	NM_022552	p.P849L
DNMT3A	NM_022552	p.D857N
DNMT3A	NM_022552	p.W860R
DNMT3A	NM_022552	p.E863D
DNMT3A	NM_022552	p.F868S
DNMT3A	NM_022552	p.G869S
DNMT3A	NM_022552	p.G869V
DNMT3A	NM_022552	p.M880V
DNMT3A	NM_022552	p.S881R
DNMT3A	NM_022552	p.S881I
DNMT3A	NM_022552	p.R882H
DNMT3A	NM_022552	p.R882P
DNMT3A	NM_022552	p.R882C
DNMT3A	NM_022552	p.R882G
DNMT3A	NM_022552	p.A884P
DNMT3A	NM_022552	p.A884V
DNMT3A	NM_022552	p.Q886R
DNMT3A	NM_022552	p.L889P
DNMT3A	NM_022552	p.L889R
DNMT3A	NM_022552	p.G890D
DNMT3A	NM_022552	p.G890R
DNMT3A	NM_022552	p.G890S
DNMT3A	NM_022552	p.V895M
DNMT3A	NM_022552	p.P896L
DNMT3A	NM_022552	p.V897G
DNMT3A	NM_022552	p.V897D
DNMT3A	NM_022552	p.R899L
DNMT3A	NM_022552	p.R899H
DNMT3A	NM_022552	p.R899C
DNMT3A	NM_022552	p.L901R
DNMT3A	NM_022552	p.L901H
DNMT3A	NM_022552	p.P904L
DNMT3A	NM_022552	p.F909C
DNMT3A	NM_022552	p.P904Q
DNMT3A	NM_022552	p.A910P
DNMT3A	NM_022552	p.C911R
DNMT3A	NM_022552	p.C911Y
DNMT3A	NM_022552	p.F290S
DNMT3A	NM_022552	p.G293R
DNMT3A	NM_022552	p.L295P
DNMT3A	NM_022552	p.L295Q
DNMT3A	NM_022552	p.L295V
DNMT3A	NM_022552	p.V296G
DNMT3A	NM_022552	p.V296L
DNMT3A	NM_022552	p.W297C
DNMT3A	NM_022552	p.W297L
DNMT3A	NM_022552	p.W297R
DNMT3A	NM_022552	p.W297G
DNMT3A	NM_022552	p.G298W
DNMT3A	NM_022552	p.G298R
DNMT3A	NM_022552	p.G298E
DNMT3A	NM_022552	p.W306C
DNMT3A	NM_022552	p.P307L
DNMT3A	NM_022552	p.P307T
DNMT3A	NM_022552	p.G308D
DNMT3A	NM_022552	p.I310F
DNMT3A	NM_022552	p.I310L
DNMT3A	NM_022552	p.I310S
DNMT3A	NM_022552	p.I310T
DNMT3A	NM_022552	p.S312F
DNMT3A	NM_022552	p.R326G
DNMT3A	NM_022552	p.V328A
DNMT3A	NM_022552	p.V328D
DNMT3A	NM_022552	p.V328G
DNMT3A	NM_022552	p.F331V
DNMT3A	NM_022552	p.S337A
DNMT3A	NM_022552	p.S337L
DNMT3A	NM_022552	p.S337P
DNMT3A	NM_022552	p.L344R
DNMT3A	NM_022552	p.L347P
DNMT3A	NM_022552	p.L347R
DNMT3A	NM_022552	p.L347Q
DNMT3A	NM_022552	p.S352N
DNMT3A	NM_022552	p.Y365C
DNMT3A	NM_022552	p.R366C
DNMT3A	NM_022552	p.A368D
DNMT3A	NM_022552	p.I369N
DNMT3A	NM_022552	p.I369S
DNMT3A	NM_022552	p.V372D
DNMT3A	NM_022552	p.L373Q
DNMT3A	NM_022552	p.A376P
DNMT3A	NM_022552	p.A376T
DNMT3A	NM_022552	p.A376V
DNMT3A	NM_022552	p.R379L
DNMT3A	NM_022552	p.R379S
DNMT3A	NM_022552	p.D389N
DNMT3A	NM_022552	p.W409R
DNMT3A	NM_022552	p.A410D
DNMT3A	NM_022552	p.A410T
DNMT3A	NM_022552	p.G413V
DNMT3A	NM_022552	p.F414I
DNMT3A	NM_022552	p.F414V
DNMT3A	NM_022552	p.E477Q
DNMT3A	NM_022552	p.E477K
DNMT3A	NM_022552	p.V483G
DNMT3A	NM_022552	p.R484Q
DNMT3A	NM_022552	p.R484W
DNMT3A	NM_022552	p.C494Y
DNMT3A	NM_022552	p.C497R
DNMT3A	NM_022552	p.G498E
DNMT3A	NM_022552	p.H506R
DNMT3A	NM_022552	p.G511E
DNMT3A	NM_022552	p.C514Y
DNMT3A	NM_022552	p.D529N
DNMT3A	NM_022552	p.D529V
DNMT3A	NM_022552	p.D531N
DNMT3A	NM_022552	p.D531Y
DNMT3A	NM_022552	p.S535P
DNMT3A	NM_022552	p.C540Y
DNMT3A	NM_022552	p.G543D
DNMT3A	NM_022552	p.G543V
DNMT3A	NM_022552	p.L547R
DNMT3A	NM_022552	p.C537Y
DNMT3A	NM_022552	p.M548L
DNMT3A	NM_022552	p.M548R
DNMT3A	NM_022552	p.M548T
DNMT3A	NM_022552	p.G542V
DNMT3A	NM_022552	p.C554Y
DNMT3A	NM_022552	p.R556K
DNMT3A	NM_022552	p.R556S
DNMT3A	NM_022552	p.R556G
DNMT3A	NM_022552	p.C559R
DNMT3A	NM_022552	p.C559Y
DNMT3A	NM_022552	p.C562Y
DNMT3A	NM_022552	p.V563M
DNMT3A	NM_022552	p.P580L
DNMT3A	NM_022552	p.W581S
DNMT3A	NM_022552	p.C583S
DNMT3A	NM_022552	p.C583Y
DNMT3A	NM_022552	p.C586G
DNMT3A	NM_022552	p.C586R
DNMT3A	NM_022552	p.C586Y
DNMT3A	NM_022552	p.K589N
DNMT3A	NM_022552	p.L595P
DNMT3A	NM_022552	p.R596W
DNMT3A	NM_022552	p.R598Q
DNMT3A	NM_022552	p.P633H
DNMT3A	NM_022552	p.P633L
DNMT3A	NM_022552	p.I634F
DNMT3A	NM_022552	p.I634T
DNMT3A	NM_022552	p.R635G
DNMT3A	NM_022552	p.R635L
DNMT3A	NM_022552	p.R635P
DNMT3A	NM_022552	p.V636A
DNMT3A	NM_022552	p.V636G
DNMT3A	NM_022552	p.V636M
DNMT3A	NM_022552	p.V636L
DNMT3A	NM_022552	p.L637R
DNMT3A	NM_022552	p.L637P
DNMT3A	NM_022552	p.L637Q
DNMT3A	NM_022552	p.S638P
DNMT3A	NM_022552	p.S638Y
DNMT3A	NM_022552	p.L639R
DNMT3A	NM_022552	p.L639V
DNMT3A	NM_022552	p.L639F
DNMT3A	NM_022552	p.A644T
DNMT3A	NM_022552	p.T645A
DNMT3A	NM_022552	p.L647H
DNMT3A	NM_022552	p.L648P
DNMT3A	NM_022552	p.V649G
DNMT3A	NM_022552	p.V649L
DNMT3A	NM_022552	p.V649M
DNMT3A	NM_022552	p.L650V
DNMT3A	NM_022552	p.L650Q
DNMT3A	NM_022552	p.I655T
DNMT3A	NM_022552	p.Q656K
DNMT3A	NM_022552	p.V657G
DNMT3A	NM_022552	p.D658V
DNMT3A	NM_022552	p.D658Y
DNMT3A	NM_022552	p.R659C
DNMT3A	NM_022552	p.R659G
DNMT3A	NM_022552	p.Y660N
DNMT3A	NM_022552	p.Y660F
DNMT3A	NM_022552	p.Y660H
DNMT3A	NM_022552	p.Y660D
DNMT3A	NM_022552	p.A662D
DNMT3A	NM_022552	p.S663L
DNMT3A	NM_022552	p.S663W
DNMT3A	NM_022552	p.E664K
DNMT3A	NM_022552	p.S669F
DNMT3A	NM_022552	p.S669P
DNMT3A	NM_022552	p.V675A
DNMT3A	NM_022552	p.V675M
DNMT3A	NM_022552	p.R676L
DNMT3A	NM_022552	p.I681N
DNMT3A	NM_022552	p.I681S
DNMT3A	NM_022552	p.I681M
DNMT3A	NM_022552	p.M682R
DNMT3A	NM_022552	p.Y683D
DNMT3A	NM_022552	p.V684F
DNMT3A	NM_022552	p.D686H
DNMT3A	NM_022552	p.D686V
DNMT3A	NM_022552	p.V687L
DNMT3A	NM_022552	p.D686A
DNMT3A	NM_022552	p.V687F
DNMT3A	NM_022552	p.R688C
DNMT3A	NM_022552	p.R688G
DNMT3A	NM_022552	p.V690G
DNMT3A	NM_022552	p.V690F
DNMT3A	NM_022552	p.V690D
DNMT3A	NM_022552	p.T691I
DNMT3A	NM_022552	p.I695N
DNMT3A	NM_022552	p.H694Y
DNMT3A	NM_022552	p.H694P
DNMT3A	NM_022552	p.I695F
DNMT3A	NM_022552	p.I695T
DNMT3A	NM_022552	p.Q696P
DNMT3A	NM_022552	p.W698C
DNMT3A	NM_022552	p.W698R
DNMT3A	NM_022552	p.W698S
DNMT3A	NM_022552	p.G699V
DNMT3A	NM_022552	p.F701V
DNMT3A	NM_022552	p.D702A
DNMT3A	NM_022552	p.D702G
DNMT3A	NM_022552	p.D702E
DNMT3A	NM_022552	p.D702V
DNMT3A	NM_022552	p.L703P
DNMT3A	NM_022552	p.L703R
DNMT3A	NM_022552	p.L703V
DNMT3A	NM_022552	p.V704A
DNMT3A	NM_022552	p.G706E
DNMT3A	NM_022552	p.G706W
DNMT3A	NM_022552	p.G706R
DNMT3A	NM_022552	p.G706V
DNMT3A	NM_022552	p.G707C
DNMT3A	NM_022552	p.G707S
DNMT3A	NM_022552	p.G707R
DNMT3A	NM_022552	p.D712A
DNMT3A	NM_022552	p.L713F
DNMT3A	NM_022552	p.R720C
DNMT3A	NM_022552	p.R720S
DNMT3A	NM_022552	p.K721N
DNMT3A	NM_022552	p.E725K
DNMT3A	NM_022552	p.G726V
DNMT3A	NM_022552	p.G728D
DNMT3A	NM_022552	p.R729L
DNMT3A	NM_022552	p.F731V
DNMT3A	NM_022552	p.F732I
DNMT3A	NM_022552	p.F732V
DNMT3A	NM_022552	p.E733V
DNMT3A	NM_022552	p.F734V
DNMT3A	NM_022552	p.Y735F
DNMT3A	NM_022552	p.Y735H
DNMT3A	NM_022552	p.R736G
DNMT3A	NM_022552	p.R736L
DNMT3A	NM_022552	p.R736S
DNMT3A	NM_022552	p.L737P
DNMT3A	NM_022552	p.L738P
DNMT3A	NM_022552	p.L738Q
DNMT3A	NM_022552	p.H739P
DNMT3A	NM_022552	p.A741G
DNMT3A	NM_022552	p.R742L
DNMT3A	NM_022552	p.R742G
DNMT3A	NM_022552	p.P743H
DNMT3A	NM_022552	p.P743S
DNMT3A	NM_022552	p.P750R
DNMT3A	NM_022552	p.F751I
DNMT3A	NM_022552	p.F751V
DNMT3A	NM_022552	p.W753L
DNMT3A	NM_022552	p.W753S
DNMT3A	NM_022552	p.V763G
DNMT3A	NM_022552	p.K766E
DNMT3A	NM_022552	p.D768E
DNMT3A	NM_022552	p.D768H
DNMT3A	NM_022552	p.D768V
DNMT3A	NM_022552	p.D768Y
DNMT3A	NM_022552	p.I769N
DNMT3A	NM_022552	p.I769S
DNMT3A	NM_022552	p.I769T
DNMT3A	NM_022552	p.I769V
DNMT3A	NM_022552	p.R771G
DNMT3A	NM_022552	p.R771L
DNMT3A	NM_022552	p.R771P
DNMT3A	NM_022552	p.F772C
DNMT3A	NM_022552	p.L773H
DNMT3A	NM_022552	p.L773I
DNMT3A	NM_022552	p.E774A
DNMT3A	NM_022552	p.E774V
DNMT3A	NM_022552	p.S775F
DNMT3A	NM_022552	p.S775P
DNMT3A	NM_022552	p.P777A
DNMT3A	NM_022552	p.P777H
DNMT3A	NM_022552	p.P777L
DNMT3A	NM_022552	p.P777R
DNMT3A	NM_022552	p.P777T
DNMT3A	NM_022552	p.P777S
DNMT3A	NM_022552	p.V778M
DNMT3A	NM_022552	p.I780N
DNMT3A	NM_022552	p.I780S
DNMT3A	NM_022552	p.V785M
DNMT3A	NM_022552	p.A787G
DNMT3A	NM_022552	p.A787S
DNMT3A	NM_022552	p.H789Q
DNMT3A	NM_022552	p.R790W
DNMT3A	NM_022552	p.A791V
DNMT3A	NM_022552	p.R792C
DNMT3A	NM_022552	p.R792S
DNMT3A	NM_022552	p.F794L
DNMT3A	NM_022552	p.F794V
DNMT3A	NM_022552	p.W795S
DNMT3A	NM_022552	p.W795G
DNMT3A	NM_022552	p.W795R
DNMT3A	NM_022552	p.G796A
DNMT3A	NM_022552	p.G796C
DNMT3A	NM_022552	p.N797D
DNMT3A	NM_022552	p.N797K
DNMT3A	NM_022552	p.L798P
DNMT3A	NM_022552	p.L798H
DNMT3A	NM_022552	p.P799L
DNMT3A	NM_022552	p.P799A
DNMT3A	NM_022552	p.P799T
DNMT3A	NM_022552	p.G800S
DNMT3A	NM_022552	p.M801I
DNMT3A	NM_022552	p.M801R
DNMT3A	NM_022552	p.M801T
DNMT3A	NM_022552	p.M801V
DNMT3A	NM_022552	p.R803G
DNMT3A	NM_022552	p.R803K
DNMT3A	NM_022552	p.R803T
DNMT3A	NM_022552	p.R803M
DNMT3A	NM_022552	p.L815Q
DNMT3A	NM_022552	p.H821D
DNMT3A	NM_022552	p.H821P
DNMT3A	NM_022552	p.H821R
DNMT3A	NM_022552	p.K826N
DNMT3A	NM_022552	p.K826T
DNMT3A	NM_022552	p.S839P
DNMT3A	NM_022552	p.K841N
DNMT3A	NM_022552	p.K841T
DNMT3A	NM_022552	p.Q842R
DNMT3A	NM_022552	p.G843S
DNMT3A	NM_022552	p.M853R
DNMT3A	NM_022552	p.M852L
DNMT3A	NM_022552	p.M852V
DNMT3A	NM_022552	p.E863G
DNMT3A	NM_022552	p.E863K
DNMT3A	NM_022552	p.E863V
DNMT3A	NM_022552	p.F868L
DNMT3A	NM_022552	p.F870V
DNMT3A	NM_022552	p.H873R
DNMT3A	NM_022552	p.Y874C
DNMT3A	NM_022552	p.R879D
DNMT3A	NM_022552	p.M880I
DNMT3A	NM_022552	p.M880L
DNMT3A	NM_022552	p.R882L
DNMT3A	NM_022552	p.R882S
DNMT3A	NM_022552	p.R885K
DNMT3A	NM_022552	p.Q886E
DNMT3A	NM_022552	p.G890V
DNMT3A	NM_022552	p.W893S
DNMT3A	NM_022552	p.P896S
DNMT3A	NM_022552	p.I898T
DNMT3A	NM_022552	p.R899P
DNMT3A	NM_022552	p.R899G
DNMT3A	NM_022552	p.R899S
DNMT3A	NM_022552	p.L901P
DNMT3A	NM_022552	p.L901V
DNMT3A	NM_022552	p.A903P
DNMT3A	NM_022552	p.A903T
DNMT3A	NM_022552	p.P904A
DNMT3A	NM_022552	p.P904R
DNMT3A	NM_022552	p.P904S
DNMT3A	NM_022552	p.L905R
DNMT3A	NM_022552	p.L905P
DNMT3A	NM_022552	p.L905Q
DNMT3A	NM_022552	p.L905V
DNMT3A	NM_022552	p.K906E
DNMT3A	NM_022552	p.E907G
DNMT3A	NM_022552	p.Y908C
DNMT3A	NM_022552	p.Y908D
DNMT3A	NM_022552	p.Y908N
DNMT3A	NM_022552	p.A910V
EED	NM_003797	p.L240Q
EED	NM_003797	p.I363M
EP300	NM_001429	VF1148_1149del
EP300	NM_001429	p.D1399N
EP300	NM_001429	p.D1399Y
EP300	NM_001429	p.P1452L
EP300	NM_001429	p.Y1467N
EP300	NM_001429	p.Y1467H
EP300	NM_001429	p.Y1467C
EP300	NM_001429	p.R1627W
EP300	NM_001429	p.A1629V
ETNK1	NM_018638	p.N244S
ETNK1	NM_018638	p.N244T
ETNK1	NM_018638	p.N244K
ETNK1	NM_018638	p.N155S
EZH2	NM_001203247	p.Q62R
EZH2	NM_001203247	p.N102S
EZH2	NM_001203247	p.F145S
EZH2	NM_001203247	p.F145C
EZH2	NM_001203247	p.F145Y
EZH2	NM_001203247	p.F145L
EZH2	NM_001203247	p.G159R
EZH2	NM_001203247	p.E164D
EZH2	NM_001203247	p.R202Q
EZH2	NM_001203247	p.K238E
EZH2	NM_001203247	p.E244K
EZH2	NM_001203247	p.R283Q
EZH2	NM_001203247	p.H292R
EZH2	NM_001203247	p.P488S
EZH2	NM_001203247	p.R497Q
EZH2	NM_001203247	p.R561H
EZH2	NM_001203247	p.T568I
EZH2	NM_001203247	p.K629E
EZH2	NM_001203247	p.Y641N
EZH2	NM_001203247	p.Y641H
EZH2	NM_001203247	p.Y641S
EZH2	NM_001203247	p.Y641C
EZH2	NM_001203247	p.Y641F
EZH2	NM_001203247	p.D659Y
EZH2	NM_001203247	p.D659G
EZH2	NM_001203247	p.V674M
EZH2	NM_001203247	p.A677G
EZH2	NM_001203247	p.A677V
EZH2	NM_001203247	p.R679C
EZH2	NM_001203247	p.R679H
EZH2	NM_001203247	p.R685C
EZH2	NM_001203247	p.R685H
EZH2	NM_001203247	p.A687V
EZH2	NM_001203247	p.N688I
EZH2	NM_001203247	p.N688K
EZH2	NM_001203247	p.H689Y
EZH2	NM_001203247	p.S690P
EZH2	NM_001203247	p.I708V
EZH2	NM_001203247	p.I708T
EZH2	NM_001203247	p.I708M
EZH2	NM_001203247	p.E720K
EZH2	NM_001203247	p.E740K
FLT3	NM_004119	p.V579A
FLT3	NM_004119	p.V592A
FLT3	NM_004119	p.V592I
FLT3	NM_004119	p.F594L
FLT3	NM_004119	FY590-591GD
FLT3	NM_004119	p.D835Y
FLT3	NM_004119	p.D835H
FLT3	NM_004119	p.D835E
FLT3	NM_004119	p.D835del
GATA2	NM_001145661	p.R293Q
GATA2	NM_001145661	p.N317H
GATA2	NM_001145661	p.A318T
GATA2	NM_001145661	p.A318V
GATA2	NM_001145661	p.A318G
GATA2	NM_001145661	p.G320D
GATA2	NM_001145661	p.L321P
GATA2	NM_001145661	p.L321F
GATA2	NM_001145661	p.L321V
GATA2	NM_001145661	p.Q328P
GATA2	NM_001145661	p.R330Q
GATA2	NM_001145661	p.R361L
GATA2	NM_001145661	p.L359V
GATA2	NM_001145661	p.A372T
GATA2	NM_001145661	p.R384G
GATA2	NM_001145661	p.R384K
GATA3	NM_001002295	p.R276W
GATA3	NM_001002295	p.R276Q
GATA3	NM_001002295	p.N286T
GATA3	NM_001002295	p.L348V
GNA13	NM_006572	p.I34T
GNA13	NM_006572	p.G57S
GNA13	NM_006572	p.S62F
GNA13	NM_006572	p.M68K
GNA13	NM_006572	p.Q134R
GNA13	NM_006572	p.Y145F
GNA13	NM_006572	p.L152F
GNA13	NM_006572	p.E167D
GNA13	NM_006572	p.Q169H
GNA13	NM_006572	p.R264H
GNA13	NM_006572	p.E273K
GNA13	NM_006572	p.V322G
GNA13	NM_006572	p.V362G
GNA13	NM_006572	p.L371F
GNAS	NM_000516	p.R201S
GNAS	NM_000516	p.R201C
GNAS	NM_000516	p.R201H
GNAS	NM_000516	p.R201L
GNAS	NM_000516	p.Q227K
GNAS	NM_000516	p.Q227R
GNAS	NM_000516	p.Q227L
GNAS	NM_000516	p.Q227H
GNAS	NM_000516	p.R374C
GNAS	NM_000516	p.R201G
GNAS	NM_000516	p.R844S
GNAS	NM_000516	p.R844C
GNAS	NM_000516	p.R844H
GNAS	NM_000516	p.R844L
GNAS	NM_000516	p.Q870K
GNAS	NM_000516	p.Q870R
GNAS	NM_000516	p.Q870L
GNAS	NM_000516	p.Q870H
GNAS	NM_000516	p.R1017C
GNB1	NM_002074	p.K57N
GNB1	NM_002074	p.K57M
GNB1	NM_002074	p.K57E
GNB1	NM_002074	p.K57T
GNB1	NM_002074	p.I80T
GNB1	NM_002074	p.I80N
IDH1	NM_005896	p.R132C
IDH1	NM_005896	p.R132G
IDH1	NM_005896	p.R132H
IDH1	NM_005896	p.R132L
IDH1	NM_005896	p.R132P
IDH1	NM_005896	p.R132V
IDH1	NM_005896	p.V178I
IDH2	NM_002168	p.R140W
IDH2	NM_002168	p.R140Q
IDH2	NM_002168	p.R140L
IDH2	NM_002168	p.R140G
IDH2	NM_002168	p.R172W
IDH2	NM_002168	p.R172G
IDH2	NM_002168	p.R172K
IDH2	NM_002168	p.R172T
IDH2	NM_002168	p.R172M
IDH2	NM_002168	p.R172N
IDH2	NM_002168	p.R172S
JAK1	NM_002227	p.T478A
JAK1	NM_002227	p.T478S
JAK1	NM_002227	p.V623A
JAK1	NM_002227	p.A634D
JAK1	NM_002227	p.L653F
JAK1	NM_002227	p.R724H
JAK1	NM_002227	p.R724Q
JAK1	NM_002227	p.R724P
JAK1	NM_002227	p.T782M
JAK1	NM_002227	p.L783F
JAK2	NM_004972	p.N533D
JAK2	NM_004972	p.N533Y
JAK2	NM_004972	p.N533S
JAK2	NM_004972	p.H538R
JAK2	NM_004972	p.K539E
JAK2	NM_004972	p.K539L
JAK2	NM_004972	p.I540T
JAK2	NM_004972	p.I540V
JAK2	NM_004972	p.V617F
JAK2	NM_004972	p.R683S
JAK2	NM_004972	p.R683G
JAK2	NM_004972	del542-543
JAK2	NM_004972	del543-544
JAK2	NM_004972	ins11546-547
JAK3	NM_000215	p.M511T
JAK3	NM_000215	p.M511I
JAK3	NM_000215	p.A572V
JAK3	NM_000215	p.A572T
JAK3	NM_000215	p.A573V
JAK3	NM_000215	p.R657Q
JAK3	NM_000215	p.V715I
JAK3	NM_000215	p.V715A
KDM6A	NM_021140	del419
KIT	NM_000222	p.ins503
KIT	NM_000222	p.V559A
KIT	NM_000222	p.V559D
KIT	NM_000222	p.V559G
KIT	NM_000222	p.V559I
KIT	NM_000222	p.V560D
KIT	NM_000222	p.V560A
KIT	NM_000222	p.V560G
KIT	NM_000222	p.V560E
KIT	NM_000222	p.V560del
KIT	NM_000222	p.E561K
KIT	NM_000222	del579
KIT	NM_000222	p.P627L
KIT	NM_000222	p.P627T
KIT	NM_000222	p.R634W
KIT	NM_000222	p.K642E
KIT	NM_000222	p.K642Q
KIT	NM_000222	p.V654A
KIT	NM_000222	p.V654E
KIT	NM_000222	p.H697Y
KIT	NM_000222	p.H697D
KIT	NM_000222	p.E761D
KIT	NM_000222	p.K807R
KIT	NM_000222	p.D816H
KIT	NM_000222	p.D816Y
KIT	NM_000222	p.D816F
KIT	NM_000222	p.D816I
KIT	NM_000222	p.D816V
KIT	NM_000222	del551-559
KRAS	NM_033360	p.G12D
KRAS	NM_033360	p.G12A
KRAS	NM_033360	p.G12E
KRAS	NM_033360	p.G12V
KRAS	NM_033360	p.G13D
KRAS	NM_033360	p.G13C
KRAS	NM_033360	p.G13Y
KRAS	NM_033360	p.G13F
KRAS	NM_033360	p.G13R
KRAS	NM_033360	p.G13A
KRAS	NM_033360	p.G13V
KRAS	NM_033360	p.G13E
KRAS	NM_033360	p.V14I
KRAS	NM_033360	p.T58I
KRAS	NM_033360	p.G60D
KRAS	NM_033360	p.G60A
KRAS	NM_033360	p.G60V
KRAS	NM_033360	p.Q61K
KRAS	NM_033360	p.Q61E
KRAS	NM_033360	p.Q61P
KRAS	NM_033360	p.Q61R
KRAS	NM_033360	p.Q61L
KRAS	NM_033360	p.Q61H
KRAS	NM_033360	p.K117E
KRAS	NM_033360	p.K117N
KRAS	NM_033360	p.A146T
KRAS	NM_033360	p.A146P
KRAS	NM_033360	p.A146V
KRAS	NM_033360	p.L19F
MPL	NM_005373	p.S505G
MPL	NM_005373	p.S505N
MPL	NM_005373	p.S505C
MPL	NM_005373	p.L510P
MPL	NM_005373	del513
MPL	NM_005373	p.W515A
MPL	NM_005373	p.W515R
MPL	NM_005373	p.W515K
MPL	NM_005373	p.W515S
MPL	NM_005373	p.W515L
MPL	NM_005373	p.A519T
MPL	NM_005373	p.A519V
MPL	NM_005373	p.Y591D
MPL	NM_005373	W515-518KT
NPM1	NM_002520	860_861
NPM1	NM_002520	862_863
NPM1	NM_002520	863_864)
NRAS	NM_002524	p.G12S
NRAS	NM_002524	p.G12R
NRAS	NM_002524	p.G12C
NRAS	NM_002524	p.G12N
NRAS	NM_002524	p.G12P
NRAS	NM_002524	p.G12Y
NRAS	NM_002524	p.G12D
NRAS	NM_002524	p.G12A
NRAS	NM_002524	p.G12V
NRAS	NM_002524	p.G12E
NRAS	NM_002524	p.G13S
NRAS	NM_002524	p.G13R
NRAS	NM_002524	p.G13C
NRAS	NM_002524	p.G13N
NRAS	NM_002524	p.G13P
NRAS	NM_002524	p.G13Y
NRAS	NM_002524	p.G13D
NRAS	NM_002524	p.G13A
NRAS	NM_002524	p.G13V
NRAS	NM_002524	p.G13E
NRAS	NM_002524	p.G60E
NRAS	NM_002524	p.G60R
NRAS	NM_002524	p.Q61R
NRAS	NM_002524	p.Q61L
NRAS	NM_002524	p.Q61K
NRAS	NM_002524	p.Q61P
NRAS	NM_002524	p.Q61H
NRAS	NM_002524	p.Q61Q
PDS5B	NM_015032	p.R1292Q
PHF6	NM_001015877	p.A40D
PHF6	NM_001015877	p.M125I
PHF6	NM_001015877	p.S246Y
PHF6	NM_001015877	p.F263L
PHF6	NM_001015877	p.R274Q
PHF6	NM_001015877	p.C297Y
PHF6	NM_001015877	p.H302Y
PHF6	NM_001015877	p.H329L
PPM1D	NM_003620	exon5or6
PRPF40B	NM_001031698	p.P15H
PRPF40B	NM_001031698	p.M58I
PRPF40B	NM_001031698	p.P405L
PRPF40B	NM_001031698	p.P562S
PRPF8	NM_006445	p.M1307I
PRPF8	NM_006445	p.C1594W
PRPF8	NM_006445	p.D1598Y
PRPF8	NM_006445	p.D1598N
PRPF8	NM_006445	p.D1598V(ADDMOREVARS)
PRPF8	NM_006445	p.D1598V
PTEN	NM_000314	p.D24G
PTEN	NM_000314	p.R47G
PTEN	NM_000314	p.F56V
PTEN	NM_000314	p.L57W
PTEN	NM_000314	p.H61R
PTEN	NM_000314	p.K66N
PTEN	NM_000314	p.Y68H
PTEN	NM_000314	p.C71Y
PTEN	NM_000314	p.F81C
PTEN	NM_000314	p.Y88C
PTEN	NM_000314	p.D92G
PTEN	NM_000314	p.D92V
PTEN	NM_000314	p.D92E
PTEN	NM_000314	p.H93Y
PTEN	NM_000314	p.H93D
PTEN	NM_000314	p.H93Q
PTEN	NM_000314	p.N94I
PTEN	NM_000314	p.P95L
PTEN	NM_000314	p.I101T
PTEN	NM_000314	p.C105F
PTEN	NM_000314	p.C105S
PTEN	NM_000314	p.D107Y
PTEN	NM_000314	p.L112V
PTEN	NM_000314	p.H123Y
PTEN	NM_000314	p.C124R
PTEN	NM_000314	p.C124S
PTEN	NM_000314	p.K125E
PTEN	NM_000314	p.A126D
PTEN	NM_000314	p.K128N
PTEN	NM_000314	p.R130G
PTEN	NM_000314	p.R130Q
PTEN	NM_000314	p.R130L
PTEN	NM_000314	p.G132D
PTEN	NM_000314	p.I135V
PTEN	NM_000314	p.I135K
PTEN	NM_000314	p.C136R
PTEN	NM_000314	p.C136F
PTEN	NM_000314	p.K144Q
PTEN	NM_000314	p.A151T
PTEN	NM_000314	p.D153Y
PTEN	NM_000314	p.D153N
PTEN	NM_000314	p.Y155H
PTEN	NM_000314	p.Y155C
PTEN	NM_000314	p.R159K
PTEN	NM_000314	p.R159S
PTEN	NM_000314	p.R161K
PTEN	NM_000314	p.R161I
PTEN	NM_000314	p.G165R
PTEN	NM_000314	p.G165E
PTEN	NM_000314	p.S170N
PTEN	NM_000314	p.S170I
PTEN	NM_000314	p.R173C
PTEN	NM_000314	p.Y174D
PTEN	NM_000314	p.Y177C
PTEN	NM_000314	p.H196Y
PTEN	NM_000314	p.R234W
PTEN	NM_000314	p.G251C
PTEN	NM_000314	p.D252Y
PTEN	NM_000314	p.F271S
PTEN	NM_000314	p.D326G
PTPN11	NM_002834	p.G60V
PTPN11	NM_002834	p.G60R
PTPN11	NM_002834	p.G60A
PTPN11	NM_002834	p.D61Y
PTPN11	NM_002834	p.D61V
PTPN11	NM_002834	p.D61G
PTPN11	NM_002834	p.Y63C
PTPN11	NM_002834	p.E69K
PTPN11	NM_002834	p.E69G
PTPN11	NM_002834	p.E69D
PTPN11	NM_002834	p.E69Q
PTPN11	NM_002834	p.F71L
PTPN11	NM_002834	p.F71K
PTPN11	NM_002834	p.A72T
PTPN11	NM_002834	p.A72V
PTPN11	NM_002834	p.A72D
PTPN11	NM_002834	p.T73I
PTPN11	NM_002834	p.E76K
PTPN11	NM_002834	p.E76Q
PTPN11	NM_002834	p.E76M
PTPN11	NM_002834	p.E76A
PTPN11	NM_002834	p.E76G
PTPN11	NM_002834	p.E139G
PTPN11	NM_002834	p.E139D
PTPN11	NM_002834	p.N308D
PTPN11	NM_002834	p.N308T
PTPN11	NM_002834	p.N339S
PTPN11	NM_002834	p.P491L
PTPN11	NM_002834	p.S502P
PTPN11	NM_002834	p.S502A
PTPN11	NM_002834	p.S502L
PTPN11	NM_002834	p.G503V
PTPN11	NM_002834	p.G503G
PTPN11	NM_002834	p.G503A
PTPN11	NM_002834	p.G503E
PTPN11	NM_002834	p.Q506P
PTPN11	NM_002834	p.T507A
PTPN11	NM_002834	p.T507K
RAD21	NM_006265	p.R65Q
RAD21	NM_006265	p.H208R
RAD21	NM_006265	p.Q474R
RUNX1	NM_001001890	p.S73F
RUNX1	NM_001001890	p.H78Q
RUNX1	NM_001001890	p.H78L
RUNX1	NM_001001890	p.R80C
RUNX1	NM_001001890	p.R80P
RUNX1	NM_001001890	p.R80H
RUNX1	NM_001001890	p.L85Q
RUNX1	NM_001001890	p.P86L
RUNX1	NM_001001890	p.P86H
RUNX1	NM_001001890	p.S114L
RUNX1	NM_001001890	p.D133Y
RUNX1	NM_001001890	p.L134P
RUNX1	NM_001001890	p.R135G
RUNX1	NM_001001890	p.R135K
RUNX1	NM_001001890	p.R135S
RUNX1	NM_001001890	p.R139Q
RUNX1	NM_001001890	p.R142S
RUNX1	NM_001001890	p.A165V
RUNX1	NM_001001890	p.R174Q
RUNX1	NM_001001890	p.R177L
RUNX1	NM_001001890	p.R177Q
RUNX1	NM_001001890	p.A224T
RUNX1	NM_001001890	p.D171G
RUNX1	NM_001001890	p.D171V
RUNX1	NM_001001890	p.D171N
RUNX1	NM_001001890	p.R205W
RUNX1	NM_001001890	p.R223C
SETBP1	NM_015559	p.D868N
SETBP1	NM_015559	p.D868T
SETBP1	NM_015559	p.S869N
SETBP1	NM_015559	p.G870S
SETBP1	NM_015559	p.I871T
SETBP1	NM_015559	p.D880N
SETBP1	NM_015559	p.D880Q
SETD2	NM_014159	p.V1190M
SETDB1	NM_001145415	p.K715E
SF1	NM_004630	p.T454M
SF1	NM_004630	p.Y476C
SF1	NM_004630	p.A508G
SF3A1	NM_005877	p.A57S
SF3A1	NM_005877	p.M117I
SF3A1	NM_005877	p.K166T
SF3A1	NM_005877	p.Y271C
SF3B1	NM_012433	p.G347V
SF3B1	NM_012433	p.R387W
SF3B1	NM_012433	p.R387Q
SF3B1	NM_012433	p.E592K
SF3B1	NM_012433	p.E622D
SF3B1	NM_012433	p.Y623C
SF3B1	NM_012433	p.R625L
SF3B1	NM_012433	p.R625C
SF3B1	NM_012433	p.R625G
SF3B1	NM_012433	p.H662Q
SF3B1	NM_012433	p.H662D
SF3B1	NM_012433	p.T663I
SF3B1	NM_012433	p.K666N
SF3B1	NM_012433	p.K666T
SF3B1	NM_012433	p.K666E
SF3B1	NM_012433	p.K666R
SF3B1	NM_012433	p.K700E
SF3B1	NM_012433	p.V701F
SF3B1	NM_012433	p.A708T
SF3B1	NM_012433	p.G740R
SF3B1	NM_012433	p.G740E
SF3B1	NM_012433	p.A744P
SF3B1	NM_012433	p.D781G
SF3B1	NM_012433	p.E783K
SF3B1	NM_012433	p.R831Q
SF3B1	NM_012433	p.L833F
SF3B1	NM_012433	p.E862K
SF3B1	NM_012433	p.R957Q
SF3B1	NM_012433	p.N626D
SF3B1	NM_012433	p.R630G
SF3B1	NM_012433	p.K666Q
SF3B1	NM_012433	p.G742D
SF3B1	NM_012433	p.A745P
SF3B1	NM_012433	p.K748E
SF3B1	NM_012433	p.R775P
SMC1A	NM_006306	p.K190T
SMC1A	NM_006306	p.R586W
SMC1A	NM_006306	p.M689V
SMC1A	NM_006306	p.R807H
SMC1A	NM_006306	p.R1090H
SMC1A	NM_006306	p.R1090C
SMC3	NM_005445	p.R155I
SMC3	NM_005445	p.Q367E
SMC3	NM_005445	p.D392V
SMC3	NM_005445	p.K571R
SMC3	NM_005445	p.R661P
SMC3	NM_005445	p.G662C
SRSF2	NM_003016	p.Y44H
SRSF2	NM_003016	p.P95H
SRSF2	NM_003016	p.P95L
SRSF2	NM_003016	p.P95T
SRSF2	NM_003016	p.P95R
SRSF2	NM_003016	p.P95A
SRSF2	NM_003016	p.P107H
SRSF2	NM_003016	p.P95fs
STAG1	NM_005862	p.H1085Y
TET2	NM_001127208	missensemutationsincatalyticdomains(p.1104-1481and1843-2002)
TP53	NM_001126112	p.S46F
TP53	NM_001126112	p.G105C
TP53	NM_001126112	p.G105R
TP53	NM_001126112	p.G105D
TP53	NM_001126112	p.G108S
TP53	NM_001126112	p.G108C
TP53	NM_001126112	p.R110L
TP53	NM_001126112	p.R110C
TP53	NM_001126112	p.T118A
TP53	NM_001126112	p.T118R
TP53	NM_001126112	p.T118I
TP53	NM_001126112	p.S127F
TP53	NM_001126112	p.S127Y
TP53	NM_001126112	p.L130V
TP53	NM_001126112	p.L130F
TP53	NM_001126112	p.K132Q
TP53	NM_001126112	p.K132E
TP53	NM_001126112	p.K132W
TP53	NM_001126112	p.K132R
TP53	NM_001126112	p.K132M
TP53	NM_001126112	p.K132N
TP53	NM_001126112	p.F134V
TP53	NM_001126112	p.F134L
TP53	NM_001126112	p.F134S
TP53	NM_001126112	p.C135W
TP53	NM_001126112	p.C135S
TP53	NM_001126112	p.C135F
TP53	NM_001126112	p.C135G
TP53	NM_001126112	p.C135Y
TP53	NM_001126112	p.Q136K
TP53	NM_001126112	p.Q136E
TP53	NM_001126112	p.Q136P
TP53	NM_001126112	p.Q136R
TP53	NM_001126112	p.Q136L
TP53	NM_001126112	p.Q136H
TP53	NM_001126112	p.A138P
TP53	NM_001126112	p.A138V
TP53	NM_001126112	p.A138A
TP53	NM_001126112	p.A138T
TP53	NM_001126112	p.T140I
TP53	NM_001126112	p.C141R
TP53	NM_001126112	p.C141G
TP53	NM_001126112	p.C141A
TP53	NM_001126112	p.C141Y
TP53	NM_001126112	p.C141S
TP53	NM_001126112	p.C141F
TP53	NM_001126112	p.C141W
TP53	NM_001126112	p.V143M
TP53	NM_001126112	p.V143A
TP53	NM_001126112	p.V143E
TP53	NM_001126112	p.L145Q
TP53	NM_001126112	p.W146C
TP53	NM_001126112	p.W146L
TP53	NM_001126112	p.L145R
TP53	NM_001126112	p.V147G
TP53	NM_001126112	p.P151T
TP53	NM_001126112	p.P151A
TP53	NM_001126112	p.P151S
TP53	NM_001126112	p.P151H
TP53	NM_001126112	p.P151R
TP53	NM_001126112	p.P152S
TP53	NM_001126112	p.P152R
TP53	NM_001126112	p.P152L
TP53	NM_001126112	p.T155P
TP53	NM_001126112	p.T155A
TP53	NM_001126112	p.V157F
TP53	NM_001126112	p.R158H
TP53	NM_001126112	p.R158L
TP53	NM_001126112	p.A159V
TP53	NM_001126112	p.A159P
TP53	NM_001126112	p.A159S
TP53	NM_001126112	p.A159D
TP53	NM_001126112	p.A161T
TP53	NM_001126112	p.A161D
TP53	NM_001126112	p.Y163N
TP53	NM_001126112	p.Y163H
TP53	NM_001126112	p.Y163D
TP53	NM_001126112	p.Y163S
TP53	NM_001126112	p.Y163C
TP53	NM_001126112	p.K164E
TP53	NM_001126112	p.K164M
TP53	NM_001126112	p.K164N
TP53	NM_001126112	p.K164P
TP53	NM_001126112	p.H168Y
TP53	NM_001126112	p.H168P
TP53	NM_001126112	p.H168R
TP53	NM_001126112	p.H168L
TP53	NM_001126112	p.H168Q
TP53	NM_001126112	p.M169I
TP53	NM_001126112	p.M169T
TP53	NM_001126112	p.M169V
TP53	NM_001126112	p.E171K
TP53	NM_001126112	p.E171Q
TP53	NM_001126112	p.E171G
TP53	NM_001126112	p.E171A
TP53	NM_001126112	p.E171V
TP53	NM_001126112	p.E171D
TP53	NM_001126112	p.V172D
TP53	NM_001126112	p.V173M
TP53	NM_001126112	p.V173L
TP53	NM_001126112	p.V173G
TP53	NM_001126112	p.R174W
TP53	NM_001126112	p.R175G
TP53	NM_001126112	p.R175C
TP53	NM_001126112	p.R175H
TP53	NM_001126112	p.C176R
TP53	NM_001126112	p.C176G
TP53	NM_001126112	p.C176Y
TP53	NM_001126112	p.C176F
TP53	NM_001126112	p.C176S
TP53	NM_001126112	p.P177R
TP53	NM_001126112	p.P177L
TP53	NM_001126112	p.H178D
TP53	NM_001126112	p.H178P
TP53	NM_001126112	p.H178Q
TP53	NM_001126112	p.H179Y
TP53	NM_001126112	p.H179R
TP53	NM_001126112	p.H179Q
TP53	NM_001126112	p.R181C
TP53	NM_001126112	p.R181Y
TP53	NM_001126112	p.D186G
TP53	NM_001126112	p.G187S
TP53	NM_001126112	p.P190L
TP53	NM_001126112	p.P190T
TP53	NM_001126112	p.H193N
TP53	NM_001126112	p.H193P
TP53	NM_001126112	p.H193L
TP53	NM_001126112	p.H193R
TP53	NM_001126112	p.L194F
TP53	NM_001126112	p.L194R
TP53	NM_001126112	p.I195F
TP53	NM_001126112	p.I195N
TP53	NM_001126112	p.I195T
TP53	NM_001126112	p.R196P
TP53	NM_001126112	p.V197L
TP53	NM_001126112	p.G199V
TP53	NM_001126112	p.Y205N
TP53	NM_001126112	p.Y205C
TP53	NM_001126112	p.Y205H
TP53	NM_001126112	p.D208V
TP53	NM_001126112	p.R213Q
TP53	NM_001126112	p.R213P
TP53	NM_001126112	p.R213L
TP53	NM_001126112	p.H214D
TP53	NM_001126112	p.H214R
TP53	NM_001126112	p.S215G
TP53	NM_001126112	p.S215I
TP53	NM_001126112	p.S215R
TP53	NM_001126112	p.V216M
TP53	NM_001126112	p.V217G
TP53	NM_001126112	p.Y220N
TP53	NM_001126112	p.Y220H
TP53	NM_001126112	p.Y220S
TP53	NM_001126112	p.Y220C
TP53	NM_001126112	p.E224D
TP53	NM_001126112	p.I232F
TP53	NM_001126112	p.I232N
TP53	NM_001126112	p.I232T
TP53	NM_001126112	p.I232S
TP53	NM_001126112	p.Y234N
TP53	NM_001126112	p.Y234H
TP53	NM_001126112	p.Y234S
TP53	NM_001126112	p.Y234C
TP53	NM_001126112	p.Y236N
TP53	NM_001126112	p.Y236H
TP53	NM_001126112	p.Y236C
TP53	NM_001126112	p.M237V
TP53	NM_001126112	p.M237K
TP53	NM_001126112	p.M237I
TP53	NM_001126112	p.C238R
TP53	NM_001126112	p.C238G
TP53	NM_001126112	p.C238Y
TP53	NM_001126112	p.C238W
TP53	NM_001126112	p.N239T
TP53	NM_001126112	p.N239S
TP53	NM_001126112	p.S241Y
TP53	NM_001126112	p.S241C
TP53	NM_001126112	p.S241F
TP53	NM_001126112	p.C242G
TP53	NM_001126112	p.C242Y
TP53	NM_001126112	p.C242S
TP53	NM_001126112	p.C242F
TP53	NM_001126112	p.G244S
TP53	NM_001126112	p.G244C
TP53	NM_001126112	p.G244D
TP53	NM_001126112	p.G245S
TP53	NM_001126112	p.G245R
TP53	NM_001126112	p.G245C
TP53	NM_001126112	p.G245D
TP53	NM_001126112	p.G245A
TP53	NM_001126112	p.G245V
TP53	NM_001126112	p.M246V
TP53	NM_001126112	p.M246K
TP53	NM_001126112	p.M246R
TP53	NM_001126112	p.M246I
TP53	NM_001126112	p.N247I
TP53	NM_001126112	p.R248W
TP53	NM_001126112	p.R248G
TP53	NM_001126112	p.R248Q
TP53	NM_001126112	p.R249G
TP53	NM_001126112	p.R249W
TP53	NM_001126112	p.R249T
TP53	NM_001126112	p.R249M
TP53	NM_001126112	p.P250L
TP53	NM_001126112	p.I251N
TP53	NM_001126112	p.L252P
TP53	NM_001126112	p.I254S
TP53	NM_001126112	p.I255F
TP53	NM_001126112	p.I255N
TP53	NM_001126112	p.I255S
TP53	NM_001126112	p.L257Q
TP53	NM_001126112	p.L257P
TP53	NM_001126112	p.E258K
TP53	NM_001126112	p.E258Q
TP53	NM_001126112	p.D259Y
TP53	NM_001126112	p.S261T
TP53	NM_001126112	p.G262D
TP53	NM_001126112	p.G262V
TP53	NM_001126112	p.L265P
TP53	NM_001126112	p.G266R
TP53	NM_001126112	p.G266E
TP53	NM_001126112	p.G266V
TP53	NM_001126112	p.R267W
TP53	NM_001126112	p.R267Q
TP53	NM_001126112	p.R267P
TP53	NM_001126112	p.E271K
TP53	NM_001126112	p.V272M
TP53	NM_001126112	p.V272L
TP53	NM_001126112	p.R273S
TP53	NM_001126112	p.R273G
TP53	NM_001126112	p.R273C
TP53	NM_001126112	p.R273H
TP53	NM_001126112	p.R273P
TP53	NM_001126112	p.R273L
TP53	NM_001126112	p.V274F
TP53	NM_001126112	p.V274D
TP53	NM_001126112	p.V274A
TP53	NM_001126112	p.V274G
TP53	NM_001126112	p.V274L
TP53	NM_001126112	p.C275Y
TP53	NM_001126112	p.C275S
TP53	NM_001126112	p.C275F
TP53	NM_001126112	p.A276P
TP53	NM_001126112	p.C277F
TP53	NM_001126112	p.C277Y
TP53	NM_001126112	p.P278T
TP53	NM_001126112	p.P278A
TP53	NM_001126112	p.P278S
TP53	NM_001126112	p.P278H
TP53	NM_001126112	p.P278R
TP53	NM_001126112	p.P278L
TP53	NM_001126112	p.G279E
TP53	NM_001126112	p.R280G
TP53	NM_001126112	p.R280K
TP53	NM_001126112	p.R280T
TP53	NM_001126112	p.R280I
TP53	NM_001126112	p.R280S
TP53	NM_001126112	p.D281N
TP53	NM_001126112	p.D281H
TP53	NM_001126112	p.D281Y
TP53	NM_001126112	p.D281G
TP53	NM_001126112	p.D281E
TP53	NM_001126112	p.R282G
TP53	NM_001126112	p.R282W
TP53	NM_001126112	p.R282Q
TP53	NM_001126112	p.R282P
TP53	NM_001126112	p.E285K
TP53	NM_001126112	p.E285V
TP53	NM_001126112	p.E286G
TP53	NM_001126112	p.E286V
TP53	NM_001126112	p.E286K
TP53	NM_001126112	p.K320N
TP53	NM_001126112	p.L330R
TP53	NM_001126112	p.G334V
TP53	NM_001126112	p.R337C
TP53	NM_001126112	p.R337L
TP53	NM_001126112	p.A347T
TP53	NM_001126112	p.L348F
TP53	NM_001126112	p.T377P
TP53	NM_001126112	p.H179D
TP53	NM_001126112	p.R181H
TP53	NM_001126112	p.Y205D
TP53	NM_001126112	p.V203M
TP53	NM_001126112	p.F212I
TP53	NM_001126112	p.H214P
TP53	NM_001126112	p.D281V
U2AF1	NM_001025203	p.D14G
U2AF1	NM_001025203	p.S34F
U2AF1	NM_001025203	p.S34Y
U2AF1	NM_001025203	p.R35L
U2AF1	NM_001025203	p.R156H
U2AF1	NM_001025203	p.R156Q
U2AF1	NM_001025203	p.Q157R
U2AF1	NM_001025203	p.Q157P
U2AF2	NM_007279	p.R18W
U2AF2	NM_007279	p.Q143L
U2AF2	NM_007279	p.M144I
U2AF2	NM_007279	p.L187V
U2AF2	NM_007279	p.Q190L
ZRSR2	NM_005089	p.R126P
ZRSR2	NM_005089	p.E133G
ZRSR2	NM_005089	p.C181F
ZRSR2	NM_005089	p.H191Y
ZRSR2	NM_005089	p.I202N
ZRSR2	NM_005089	p.F239V
ZRSR2	NM_005089	p.F239Y
ZRSR2	NM_005089	p.N261Y
ZRSR2	NM_005089	p.C280R
ZRSR2	NM_005089	p.C302R
ZRSR2	NM_005089	p.C326R
ZRSR2	NM_005089	p.H330R
ZRSR2	NM_005089	p.N382K
